constituency,major_candidate,major_party,major_alliance,suspect_candidate,suspect_party,similarity,category,match_detail,matched_words,normalized_major,normalized_suspect
ALANDUR,S.Saravanan,ADMK,NDA,A.Saravanan,IND,1.0,EXACT,Identical after normalization: SARAVANAN,SARAVANAN,SARAVANAN,SARAVANAN
ALANDUR,S.Saravanan,ADMK,NDA,D.Saravanan,IND,1.0,EXACT,Identical after normalization: SARAVANAN,SARAVANAN,SARAVANAN,SARAVANAN
ALANDUR,S.Saravanan,ADMK,NDA,R.Saravanan,IND,1.0,EXACT,Identical after normalization: SARAVANAN,SARAVANAN,SARAVANAN,SARAVANAN
ALANDUR,T.M.Anbarasan,DMK,INDIA,V.Anbarasan,IND,1.0,EXACT,Identical after normalization: ANBARASAN,ANBARASAN,ANBARASAN,ANBARASAN
AMBATTUR,Balamurugan.G,TVK,TVK,R.Balamurugan,IND,1.0,EXACT,Identical after normalization: BALAMURUGAN,BALAMURUGAN,BALAMURUGAN,BALAMURUGAN
AMBATTUR,K.N. Sekar,PMK,NDA,G.P. Sekar,IND,1.0,EXACT,Identical after normalization: SEKAR,SEKAR,SEKAR,SEKAR
AMBATTUR,K.N. Sekar,PMK,NDA,K. Sekar,IND,1.0,EXACT,Identical after normalization: SEKAR,SEKAR,SEKAR,SEKAR
AMBUR,Venkatesan. R,ADMK,NDA,Venkatesan. M,IND,1.0,EXACT,Identical after normalization: VENKATESAN,VENKATESAN,VENKATESAN,VENKATESAN
ARCOT,J.L.Eswarappan,DMK,INDIA,Eswarappan.M,IND,1.0,EXACT,Identical after normalization: ESWARAPPAN,ESWARAPPAN,ESWARAPPAN,ESWARAPPAN
AVADI,Senthilkumar. S,DMK,INDIA,S. Senthilkumar,IND,1.0,EXACT,Identical after normalization: SENTHILKUMAR,SENTHILKUMAR,SENTHILKUMAR,SENTHILKUMAR
AVANASHI,Dr. Gokilamani.V,DMK,INDIA,Gokilamani. M,IND,1.0,EXACT,Identical after normalization: GOKILAMANI,GOKILAMANI,GOKILAMANI,GOKILAMANI
CHENGAM,S.Velu,ADMK,NDA,K.Velu,IND,1.0,EXACT,Identical after normalization: VELU,VELU,VELU,VELU
CHEPAUK-THIRUVALLIKENI,Selvam. D,TVK,TVK,Selvam. K,IND,1.0,EXACT,Identical after normalization: SELVAM,SELVAM,SELVAM,SELVAM
COIMBATORE NORTH,V. Sampathkumar,TVK,TVK,S. Sampathkumar,IND,1.0,EXACT,Identical after normalization: SAMPATHKUMAR,SAMPATHKUMAR,SAMPATHKUMAR,SAMPATHKUMAR
DHARMAPURI,Sivan. M.,TVK,TVK,Sivan. A.,IND,1.0,EXACT,Identical after normalization: SIVAN,SIVAN,SIVAN,SIVAN
GUMMIDIPUNDI,Sudhakar.V,ADMK,NDA,D.Sudhakar,IND,1.0,EXACT,Identical after normalization: SUDHAKAR,SUDHAKAR,SUDHAKAR,SUDHAKAR
GUMMIDIPUNDI,Sudhakar.V,ADMK,NDA,V.Sudhakar,IND,1.0,EXACT,Identical after normalization: SUDHAKAR,SUDHAKAR,SUDHAKAR,SUDHAKAR
HARBOUR,R Manohar,ADMK,NDA,K E Manohar,IND,1.0,EXACT,Identical after normalization: MANOHAR,MANOHAR,MANOHAR,MANOHAR
JOLARPET,Veeramani K.C.,ADMK,NDA,Veeramani H,IND,1.0,EXACT,Identical after normalization: VEERAMANI,VEERAMANI,VEERAMANI,VEERAMANI
KALASAPAKKAM,Elumalai. P,TVK,TVK,Elumalai. S,IND,1.0,EXACT,Identical after normalization: ELUMALAI,ELUMALAI,ELUMALAI,ELUMALAI
KALASAPAKKAM,Elumalai. P,TVK,TVK,Elumalai. T,IND,1.0,EXACT,Identical after normalization: ELUMALAI,ELUMALAI,ELUMALAI,ELUMALAI
KALASAPAKKAM,Saravanan. P.S.T,DMK,INDIA,Saravanan. K,IND,1.0,EXACT,Identical after normalization: SARAVANAN,SARAVANAN,SARAVANAN,SARAVANAN
KALASAPAKKAM,Saravanan. P.S.T,DMK,INDIA,Saravanan. V,TAMIZHAGA VAAZHVURIMAI KATCHI,1.0,EXACT,Identical after normalization: SARAVANAN,SARAVANAN,SARAVANAN,SARAVANAN
KANCHEEPURAM,V. Somasundaram,ADMK,NDA,M. Somasundaram,IND,1.0,EXACT,Identical after normalization: SOMASUNDARAM,SOMASUNDARAM,SOMASUNDARAM,SOMASUNDARAM
KATPADI,V. Ramu,ADMK,NDA,D. Ramu,IND,1.0,EXACT,Identical after normalization: RAMU,RAMU,RAMU,RAMU
KILPENNATHUR,Ramachandran.S,ADMK,NDA,Ramachandran.K,IND,1.0,EXACT,Identical after normalization: RAMACHANDRAN,RAMACHANDRAN,RAMACHANDRAN,RAMACHANDRAN
MADURAI EAST,Karthikeyan S,TVK,TVK,Karthikeyan G,IND,1.0,EXACT,Identical after normalization: KARTHIKEYAN,KARTHIKEYAN,KARTHIKEYAN,KARTHIKEYAN
MADURAVOYAL,Ganapathy. K,DMK,INDIA,K. Ganapathy,IND,1.0,EXACT,Identical after normalization: GANAPATHY,GANAPATHY,GANAPATHY,GANAPATHY
MANAPPARAI,R. Kathiravan,TVK,TVK,Kathiravan .M,IND,1.0,EXACT,Identical after normalization: KATHIRAVAN,KATHIRAVAN,KATHIRAVAN,KATHIRAVAN
METTUPALAYAM,O.K.Chinnaraj,ADMK,NDA,R.Chinnaraj,IND,1.0,EXACT,Identical after normalization: CHINNARAJ,CHINNARAJ,CHINNARAJ,CHINNARAJ
MUDUKULATHUR,S.Pandi,ADMK,NDA,V.Pandi,IND,1.0,EXACT,Identical after normalization: PANDI,PANDI,PANDI,PANDI
OMALUR,Mani. R,ADMK,NDA,Mani. V,IND,1.0,EXACT,Identical after normalization: MANI,MANI,MANI,MANI
PALLADAM,K.Selvaraj,DMK,INDIA,G.Selvaraj,IND,1.0,EXACT,Identical after normalization: SELVARAJ,SELVARAJ,SELVARAJ,SELVARAJ
PALLADAM,K.Selvaraj,DMK,INDIA,M. Selvaraj,IND,1.0,EXACT,Identical after normalization: SELVARAJ,SELVARAJ,SELVARAJ,SELVARAJ
PAPPIREDDIPPATTI,Palaniappan. P,DMK,INDIA,Palaniappan. R,IND,1.0,EXACT,Identical after normalization: PALANIAPPAN,PALANIAPPAN,PALANIAPPAN,PALANIAPPAN
PARAMATHI-VELUR,Sekar S,ADMK,NDA,Sekar C,IND,1.0,EXACT,Identical after normalization: SEKAR,SEKAR,SEKAR,SEKAR
PARAMATHI-VELUR,Sekar S,ADMK,NDA,Sekar V,IND,1.0,EXACT,Identical after normalization: SEKAR,SEKAR,SEKAR,SEKAR
PATTUKKOTTAI,Annadurai K,DMK,INDIA,Annadurai C N,IND,1.0,EXACT,Identical after normalization: ANNADURAI,ANNADURAI,ANNADURAI,ANNADURAI
POLUR,Baskaran. C. R,PMK,NDA,Baskaran. C,IND,1.0,EXACT,Identical after normalization: BASKARAN,BASKARAN,BASKARAN,BASKARAN
PUDUKKOTTAI,N. Ramachandran,BJP,NDA,C. Ramachandran,IND,1.0,EXACT,Identical after normalization: RAMACHANDRAN,RAMACHANDRAN,RAMACHANDRAN,RAMACHANDRAN
PUDUKKOTTAI,N. Ramachandran,BJP,NDA,R. Ramachandran,IND,1.0,EXACT,Identical after normalization: RAMACHANDRAN,RAMACHANDRAN,RAMACHANDRAN,RAMACHANDRAN
PUDUKKOTTAI,N. Ramachandran,BJP,NDA,Ramachandran .C,IND,1.0,EXACT,Identical after normalization: RAMACHANDRAN,RAMACHANDRAN,RAMACHANDRAN,RAMACHANDRAN
RISHIVANDIAM,Karthikeyan K,DMK,INDIA,Karthikeyan A,IND,1.0,EXACT,Identical after normalization: KARTHIKEYAN,KARTHIKEYAN,KARTHIKEYAN,KARTHIKEYAN
RISHIVANDIAM,Karthikeyan K,DMK,INDIA,Karthikeyan V,IND,1.0,EXACT,Identical after normalization: KARTHIKEYAN,KARTHIKEYAN,KARTHIKEYAN,KARTHIKEYAN
SALEM (NORTH),Rajendran. R,DMK,INDIA,Rajendran. A,IND,1.0,EXACT,Identical after normalization: RAJENDRAN,RAJENDRAN,RAJENDRAN,RAJENDRAN
SANKARI,Manikandan. M,DMK,INDIA,Manikandan. D,IND,1.0,EXACT,Identical after normalization: MANIKANDAN,MANIKANDAN,MANIKANDAN,MANIKANDAN
SANKARI,Manikandan. M,DMK,INDIA,Manikandan. P,IND,1.0,EXACT,Identical after normalization: MANIKANDAN,MANIKANDAN,MANIKANDAN,MANIKANDAN
SANKARI,Senthilkumar. K,TVK,TVK,Senthilkumar. R.S.,TAMIZHAGA VAAZHVURIMAI KATCHI,1.0,EXACT,Identical after normalization: SENTHILKUMAR,SENTHILKUMAR,SENTHILKUMAR,SENTHILKUMAR
SHOLINGHUR,A.M.Munirathinam,INC,INDIA,V.Munirathinam,IND,1.0,EXACT,Identical after normalization: MUNIRATHINAM,MUNIRATHINAM,MUNIRATHINAM,MUNIRATHINAM
SRIRANGAM,Ramesh,TVK,TVK,Ramesh.R,IND,1.0,EXACT,Identical after normalization: RAMESH,RAMESH,RAMESH,RAMESH
SULUR,V.P.Kandasamy,ADMK,NDA,Kandasamy.A.,IND,1.0,EXACT,Identical after normalization: KANDASAMY,KANDASAMY,KANDASAMY,KANDASAMY
SULUR,V.P.Kandasamy,ADMK,NDA,Kandasamy.R.,IND,1.0,EXACT,Identical after normalization: KANDASAMY,KANDASAMY,KANDASAMY,KANDASAMY
SULUR,V.P.Kandasamy,ADMK,NDA,Kandasamy.V.,IND,1.0,EXACT,Identical after normalization: KANDASAMY,KANDASAMY,KANDASAMY,KANDASAMY
TAMBARAM,D.Sarathkumar,TVK,TVK,Sarathkumar. R,IND,1.0,EXACT,Identical after normalization: SARATHKUMAR,SARATHKUMAR,SARATHKUMAR,SARATHKUMAR
THIRUVIDAMARUDUR,S.Prabakaran,TVK,TVK,L.Prabakaran,IND,1.0,EXACT,Identical after normalization: PRABAKARAN,PRABAKARAN,PRABAKARAN,PRABAKARAN
THONDAMUTHUR,N.R.Karthikeyan,DMK,INDIA,Karthikeyan.M,IND,1.0,EXACT,Identical after normalization: KARTHIKEYAN,KARTHIKEYAN,KARTHIKEYAN,KARTHIKEYAN
THONDAMUTHUR,N.R.Karthikeyan,DMK,INDIA,Karthikeyan.R,IND,1.0,EXACT,Identical after normalization: KARTHIKEYAN,KARTHIKEYAN,KARTHIKEYAN,KARTHIKEYAN
THOUSAND LIGHTS,Valarmathi.B,ADMK,NDA,Valarmathi.E,IND,1.0,EXACT,Identical after normalization: VALARMATHI,VALARMATHI,VALARMATHI,VALARMATHI
TIRUCHENGODE,Eswaran E R,DMK,INDIA,Eswaran M,IND,1.0,EXACT,Identical after normalization: ESWARAN,ESWARAN,ESWARAN,ESWARAN
TIRUKKOYILUR,Palanisamy S,ADMK,NDA,Palanisamy E,IND,1.0,EXACT,Identical after normalization: PALANISAMY,PALANISAMY,PALANISAMY,PALANISAMY
TIRUNELVELI,Subramanian.S,DMK,INDIA,Subramanian. E.,IND,1.0,EXACT,Identical after normalization: SUBRAMANIAN,SUBRAMANIAN,SUBRAMANIAN,SUBRAMANIAN
TIRUPPATTUR,Nallathambi. A,DMK,INDIA,Nallathambi. R,IND,1.0,EXACT,Identical after normalization: NALLATHAMBI,NALLATHAMBI,NALLATHAMBI,NALLATHAMBI
TIRUPPUR (SOUTH),Dineshkumar. N,DMK,INDIA,Dineshkumar,IND,1.0,EXACT,Identical after normalization: DINESHKUMAR,DINESHKUMAR,DINESHKUMAR,DINESHKUMAR
TIRUPPUR (SOUTH),Dineshkumar. N,DMK,INDIA,Dineshkumar. V,IND,1.0,EXACT,Identical after normalization: DINESHKUMAR,DINESHKUMAR,DINESHKUMAR,DINESHKUMAR
TIRUVANNAMALAI,Velu. E.V,DMK,INDIA,Velu. K,IND,1.0,EXACT,Identical after normalization: VELU,VELU,VELU,VELU
TIRUVANNAMALAI,Velu. E.V,DMK,INDIA,Velu. V,ANTI CORRUPTION DYNAMIC PARTY,1.0,EXACT,Identical after normalization: VELU,VELU,VELU,VELU
TIRUVANNAMALAI,Vignesh. S,NTK,NTK,Vignesh. M,IND,1.0,EXACT,Identical after normalization: VIGNESH,VIGNESH,VIGNESH,VIGNESH
VANDAVASI,Rani. P,ADMK,NDA,Rani. A,IND,1.0,EXACT,Identical after normalization: RANI,RANI,RANI,RANI
VANDAVASI,Udhayakumar. M,TVK,TVK,Udhayakumar. N,IND,1.0,EXACT,Identical after normalization: UDHAYAKUMAR,UDHAYAKUMAR,UDHAYAKUMAR,UDHAYAKUMAR
VANUR,Suresh P,TVK,TVK,Suresh C V,IND,1.0,EXACT,Identical after normalization: SURESH,SURESH,SURESH,SURESH
VELACHERY,Ashok. M.K,ADMK,NDA,Ashok. M,IND,1.0,EXACT,Identical after normalization: ASHOK,ASHOK,ASHOK,ASHOK
VELLORE,S R K Appu,ADMK,NDA,S.Appu,ALL INDIA JANANAYAKA MAKKAL KAZHAGAM,1.0,EXACT,Identical after normalization: APPU,APPU,APPU,APPU
VIKRAVANDI,Sivakumar C,PMK,NDA,Sivakumar S,IND,1.0,EXACT,Identical after normalization: SIVAKUMAR,SIVAKUMAR,SIVAKUMAR,SIVAKUMAR
VILLIVAKKAM,Vijayakumar  S.R,ADMK,NDA,Vijayakumar  D,IND,1.0,EXACT,Identical after normalization: VIJAYAKUMAR,VIJAYAKUMAR,VIJAYAKUMAR,VIJAYAKUMAR
VILLIVAKKAM,Vijayakumar  S.R,ADMK,NDA,Vijayakumar G,IND,1.0,EXACT,Identical after normalization: VIJAYAKUMAR,VIJAYAKUMAR,VIJAYAKUMAR,VIJAYAKUMAR
VIRUGAMPAKKAM,Sabarinathan.R,TVK,TVK,Sabarinathan.P,IND,1.0,EXACT,Identical after normalization: SABARINATHAN,SABARINATHAN,SABARINATHAN,SABARINATHAN
YERCAUD,Palanisamy. M,NTK,NTK,Palanisamy. K,BAHUJAN SAMAJ PARTY,1.0,EXACT,Identical after normalization: PALANISAMY,PALANISAMY,PALANISAMY,PALANISAMY
COIMBATORE NORTH,V. Sampathkumar,TVK,TVK,K. Sampath Kumar,IND,0.96,NEAR_FULL,Full name similarity: SAMPATHKUMAR ≈ SAMPATH KUMAR,SAMPATHKUMAR,SAMPATHKUMAR,SAMPATH KUMAR
COIMBATORE NORTH,V. Sampathkumar,TVK,TVK,R. Sampath Kumar,IND,0.96,NEAR_FULL,Full name similarity: SAMPATHKUMAR ≈ SAMPATH KUMAR,SAMPATHKUMAR,SAMPATHKUMAR,SAMPATH KUMAR
KILPENNATHUR,Ramachandran.S,ADMK,NDA,Ramachandiran.R,IND,0.96,NEAR_FULL,Full name similarity: RAMACHANDRAN ≈ RAMACHANDIRAN,RAMACHANDRAN,RAMACHANDRAN,RAMACHANDIRAN
PALANI,Dr. Praveen Kumar. M,TVK,TVK,Praveenkumar. R,IND,0.96,NEAR_FULL,Full name similarity: PRAVEEN KUMAR ≈ PRAVEENKUMAR,"KUMAR, PRAVEEN",PRAVEEN KUMAR,PRAVEENKUMAR
POLLACHI,K. Nithyanandhan,DMK,INDIA,K. Nithyanandan,IND,0.96,NEAR_FULL,Full name similarity: NITHYANANDHAN ≈ NITHYANANDAN,NITHYANANDHAN,NITHYANANDHAN,NITHYANANDAN
UTHIRAMERUR,Mageshkumar.P,PMK,NDA,Magesh Kumar.T,IND,0.957,NEAR_FULL,Full name similarity: MAGESHKUMAR ≈ MAGESH KUMAR,MAGESHKUMAR,MAGESHKUMAR,MAGESH KUMAR
DINDIGUL,Sreenivasan. C,ADMK,NDA,Seenivasan. P,IND,0.952,NEAR_FULL,Full name similarity: SREENIVASAN ≈ SEENIVASAN,SREENIVASAN,SREENIVASAN,SEENIVASAN
MADAVARAM,S.Sudharsanam,DMK,INDIA,Sudarsanam,IND,0.952,NEAR_FULL,Full name similarity: SUDHARSANAM ≈ SUDARSANAM,SUDHARSANAM,SUDHARSANAM,SUDARSANAM
ATHOOR,I. Periasamy,DMK,INDIA,M. Periyasamy,IND,0.947,NEAR_FULL,Full name similarity: PERIASAMY ≈ PERIYASAMY,PERIASAMY,PERIASAMY,PERIYASAMY
THIRUVALLUR,V.G. Raajendran,DMK,INDIA,S. Rajendran,IND,0.947,NEAR_FULL,Full name similarity: RAAJENDRAN ≈ RAJENDRAN,RAAJENDRAN,RAAJENDRAN,RAJENDRAN
DHARAPURAM,Indirani.T,DMK,INDIA,Indhirani.C,IND,0.941,NEAR_FULL,Full name similarity: INDIRANI ≈ INDHIRANI,INDIRANI,INDIRANI,INDHIRANI
KILPENNATHUR,Pitchandi.K,DMK,INDIA,Pichandi.D,IND,0.941,NEAR_FULL,Full name similarity: PITCHANDI ≈ PICHANDI,PITCHANDI,PITCHANDI,PICHANDI
KILPENNATHUR,Pitchandi.K,DMK,INDIA,Pichandi.R,IND,0.941,NEAR_FULL,Full name similarity: PITCHANDI ≈ PICHANDI,PITCHANDI,PITCHANDI,PICHANDI
KILPENNATHUR,Pitchandi.K,DMK,INDIA,Pichandi.V,IND,0.941,NEAR_FULL,Full name similarity: PITCHANDI ≈ PICHANDI,PITCHANDI,PITCHANDI,PICHANDI
PUDUKKOTTAI,V. Muthuraja,DMK,INDIA,G. Muthuraj,IND,0.941,NEAR_FULL,Full name similarity: MUTHURAJA ≈ MUTHURAJ,MUTHURAJA,MUTHURAJA,MUTHURAJ
PARAMATHI-VELUR,Moorthiy K S,DMK,INDIA,Moorthi M,IND,0.933,NEAR_FULL,Full name similarity: MOORTHIY ≈ MOORTHI,MOORTHIY,MOORTHIY,MOORTHI
TIRUNELVELI,Murughan.R.S.,TVK,TVK,Murugan. P.,THAMIZHAKA PADAIPPALAR MAKKAL KATCHI,0.933,NEAR_FULL,Full name similarity: MURUGHAN ≈ MURUGAN,MURUGHAN,MURUGHAN,MURUGAN
TIRUNELVELI,Murughan.R.S.,TVK,TVK,Murugan.S.,IND,0.933,NEAR_FULL,Full name similarity: MURUGHAN ≈ MURUGAN,MURUGHAN,MURUGHAN,MURUGAN
KARUR,M.R. Vijayabhaskar,ADMK,NDA,Vijaya Baskar. R.V,IND,0.923,NEAR_FULL,Full name similarity: VIJAYABHASKAR ≈ VIJAYA BASKAR,VIJAYABHASKAR,VIJAYABHASKAR,VIJAYA BASKAR
KRISHNARAYAPURAM,Sathiya. V,NTK,NTK,Sathya. M,TVK,0.923,NEAR_FULL,Full name: SATHIYA ≈ SATHYA,SATHIYA,SATHIYA,SATHYA
MYLAPORE,Venkataramanan. P,TVK,TVK,Venkataraman. B,IND,0.923,NEAR_FULL,Full name similarity: VENKATARAMANAN ≈ VENKATARAMAN,VENKATARAMANAN,VENKATARAMANAN,VENKATARAMAN
SENDAMANGALAM,C Chandrasekaran,ADMK,NDA,P Chandrasekar,TVK,0.923,NEAR_FULL,Full name: CHANDRASEKARAN ≈ CHANDRASEKAR,CHANDRASEKARAN,CHANDRASEKARAN,CHANDRASEKAR
SHOZHINGANALLUR,K.P.Kandan,ADMK,NDA,V. Kandhan,IND,0.923,NEAR_FULL,Full name similarity: KANDAN ≈ KANDHAN,KANDAN,KANDAN,KANDHAN
BARGUR,E.C. Govindarasan,ADMK,NDA,D. Govindarajan,IND,0.917,NEAR_FULL,Full name similarity: GOVINDARASAN ≈ GOVINDARAJAN,GOVINDARASAN,GOVINDARASAN,GOVINDARAJAN
RAJAPALAYAM,Thangapandian. S,DMK,INDIA,Thangapandi. B,IND,0.917,NEAR_FULL,Full name similarity: THANGAPANDIAN ≈ THANGAPANDI,THANGAPANDIAN,THANGAPANDIAN,THANGAPANDI
AMBUR,Vilwanathan. A.C.,DMK,INDIA,Viswanathan. J,IND,0.909,NEAR_FULL,Full name similarity: VILWANATHAN ≈ VISWANATHAN,VILWANATHAN,VILWANATHAN,VISWANATHAN
ANAIKATTU,A.P.Nandakumar,DMK,INDIA,M.Nandha Kumar,IND,0.909,NEAR_FULL,Full name similarity: NANDAKUMAR ≈ NANDHA KUMAR,NANDAKUMAR,NANDAKUMAR,NANDHA KUMAR
ATHOOR,A. Viswanathan,ADMK,NDA,K. Visvanathan,IND,0.909,NEAR_FULL,Full name similarity: VISWANATHAN ≈ VISVANATHAN,VISWANATHAN,VISWANATHAN,VISVANATHAN
CHEPAUK-THIRUVALLIKENI,Aysha,NTK,NTK,Ayisha,IND,0.909,NEAR_FULL,Full name similarity: AYSHA ≈ AYISHA,AYSHA,AYSHA,AYISHA
KUNNAM,Sivasankar. S.S,DMK,INDIA,Sivasankaran. P,IND,0.909,NEAR_FULL,Full name similarity: SIVASANKAR ≈ SIVASANKARAN,SIVASANKAR,SIVASANKAR,SIVASANKARAN
THIRUVALLUR,V.G. Raajendran,DMK,INDIA,G. Rajendiran,IND,0.9,NEAR_FULL,Full name similarity: RAAJENDRAN ≈ RAJENDIRAN,RAAJENDRAN,RAAJENDRAN,RAJENDIRAN
THOUSAND LIGHTS,Prabhakar.J.C.D,TVK,TVK,Prabhakaran.B,IND,0.9,NEAR_FULL,Full name similarity: PRABHAKAR ≈ PRABHAKARAN,PRABHAKAR,PRABHAKAR,PRABHAKARAN
THOUSAND LIGHTS,Prabhakar.J.C.D,TVK,TVK,Prabhakaran.T,IND,0.9,NEAR_FULL,Full name similarity: PRABHAKAR ≈ PRABHAKARAN,PRABHAKAR,PRABHAKAR,PRABHAKARAN
THOUSAND LIGHTS,Prabhakar.J.C.D,TVK,TVK,Prabhakaran.V,IND,0.9,NEAR_FULL,Full name similarity: PRABHAKAR ≈ PRABHAKARAN,PRABHAKAR,PRABHAKAR,PRABHAKARAN
THOUSAND LIGHTS,Valarmathi.B,ADMK,NDA,Valarmathy.D,IND,0.9,NEAR_FULL,Full name similarity: VALARMATHI ≈ VALARMATHY,VALARMATHI,VALARMATHI,VALARMATHY
JOLARPET,Sasirekha K,NTK,NTK,Sasi Reka Y,MAKKAL ARASIAL KATCHI,0.889,NEAR_FULL,Full name similarity: SASIREKHA ≈ SASI REKA,SASIREKHA,SASIREKHA,SASI REKA
TIRUTTANI,D.Krishnamurthy,DMDK,NDA,Krishnamoorthy.D,IND,0.889,NEAR_FULL,Full name similarity: KRISHNAMURTHY ≈ KRISHNAMOORTHY,KRISHNAMURTHY,KRISHNAMURTHY,KRISHNAMOORTHY
TIRUTTANI,D.Krishnamurthy,DMDK,NDA,Krishnamoorthy.K,IND,0.889,NEAR_FULL,Full name similarity: KRISHNAMURTHY ≈ KRISHNAMOORTHY,KRISHNAMURTHY,KRISHNAMURTHY,KRISHNAMOORTHY
TIRUTTANI,D.Krishnamurthy,DMDK,NDA,Krishnamoorthy.M,IND,0.889,NEAR_FULL,Full name similarity: KRISHNAMURTHY ≈ KRISHNAMOORTHY,KRISHNAMURTHY,KRISHNAMURTHY,KRISHNAMOORTHY
MANAPPARAI,Dr. Pl. Vijayakumar,ADMK,NDA,P. Vijayakumar,IND,0.88,NEAR_FULL,Full name similarity: PL VIJAYAKUMAR ≈ VIJAYAKUMAR,VIJAYAKUMAR,PL VIJAYAKUMAR,VIJAYAKUMAR
METTUR,Venkatachalam. G,ADMK,NDA,Venkatasalam. G,IND,0.88,NEAR_FULL,Full name similarity: VENKATACHALAM ≈ VENKATASALAM,VENKATACHALAM,VENKATACHALAM,VENKATASALAM
KATPADI,Dr M Sudhakar,TVK,TVK,M. Suthakar,IND,0.875,NEAR_FULL,Full name similarity: SUDHAKAR ≈ SUTHAKAR,SUDHAKAR,SUDHAKAR,SUTHAKAR
PARAMAKUDI,Dr. Muthiah. S,ADMK,NDA,Muththiah. M,IND,0.875,NEAR_FULL,Full name similarity: MUTHIAH ≈ MUTHTHIAH,MUTHIAH,MUTHIAH,MUTHTHIAH
VIRALIMALAI,Murugesan. P,TVK,TVK,Thirumurugan. A,IND,0.875,NEAR_FULL,Full name similarity: MURUGESAN ≈ MURUGAN,MURUGESAN,MURUGESAN,MURUGAN
VIRALIMALAI,Murugesan. P,TVK,TVK,Thirumurugan. K,IND,0.875,NEAR_FULL,Full name similarity: MURUGESAN ≈ MURUGAN,MURUGESAN,MURUGESAN,MURUGAN
KALLAKURICHI,Rajeevgandhi S,ADMK,NDA,Rajivgandhi P,IND,0.87,NEAR_FULL,Full name similarity: RAJEEVGANDHI ≈ RAJIVGANDHI,RAJEEVGANDHI,RAJEEVGANDHI,RAJIVGANDHI
KALLAKURICHI,Rajeevgandhi S,ADMK,NDA,Rajivgandhi S,IND,0.87,NEAR_FULL,Full name similarity: RAJEEVGANDHI ≈ RAJIVGANDHI,RAJEEVGANDHI,RAJEEVGANDHI,RAJIVGANDHI
PALACODE,Dr. Dnv Senthilkumar. S.,DMK,INDIA,Senthilkumar. G.,IND,0.857,NEAR_FULL,Full name similarity: DNV SENTHILKUMAR ≈ SENTHILKUMAR,SENTHILKUMAR,DNV SENTHILKUMAR,SENTHILKUMAR
PALACODE,Dr. Dnv Senthilkumar. S.,DMK,INDIA,Senthilkumar. K,IND,0.857,NEAR_FULL,Full name similarity: DNV SENTHILKUMAR ≈ SENTHILKUMAR,SENTHILKUMAR,DNV SENTHILKUMAR,SENTHILKUMAR
TIRUCHENGODE,Revathi K,NTK,NTK,Revanth S N,IND,0.857,NEAR_FULL,Full name similarity: REVATHI ≈ REVANTH,REVATHI,REVATHI,REVANTH
ANAIKATTU,M.Ravikumar,NTK,NTK,M.Nandha Kumar,IND,1.0,WORD_MATCH,Shared name parts: RAVIKUMAR,RAVIKUMAR,RAVIKUMAR,NANDHA KUMAR
ANDIPATTI,Pandi.V,TVK,TVK,Chellapandiyan.S,ALL INDIA PURATCHI THALAIVAR MAKKAL MUNNETTRA KAZHAGAM,1.0,WORD_MATCH,Shared name parts: PANDI,PANDI,PANDI,CHELLAPANDIYAN
ANDIPATTI,Pandi.V,TVK,TVK,Pandidurai.P,IND,1.0,WORD_MATCH,Shared name parts: PANDI,PANDI,PANDI,PANDIDURAI
ANNA NAGAR,S.Shankar,NTK,NTK,M Harishankar,IND,1.0,WORD_MATCH,Shared name parts: SHANKAR,SHANKAR,SHANKAR,HARISHANKAR
ANNA NAGAR,V.K.Ramkumar,TVK,TVK,G.Siva Kumar,IND,1.0,WORD_MATCH,Shared name parts: RAMKUMAR,RAMKUMAR,RAMKUMAR,SIVA KUMAR
ANNA NAGAR,V.K.Ramkumar,TVK,TVK,S Sathish Kumar,IND,1.0,WORD_MATCH,Shared name parts: RAMKUMAR,RAMKUMAR,RAMKUMAR,SATHISH KUMAR
ANNA NAGAR,V.K.Ramkumar,TVK,TVK,S Vinesh Kumar,IND,1.0,WORD_MATCH,Shared name parts: RAMKUMAR,RAMKUMAR,RAMKUMAR,VINESH KUMAR
ARANI,Jayasudha. L,ADMK,NDA,Sudha. S,IND,1.0,WORD_MATCH,Shared name parts: JAYASUDHA,JAYASUDHA,JAYASUDHA,SUDHA
ARAVAKURICHI,Naren. S,NTK,NTK,Narendrakumar. G,IND,1.0,WORD_MATCH,Shared name parts: NAREN,NAREN,NAREN,NARENDRAKUMAR
ARIYALUR,Sivakumar M,TVK,TVK,Kumar K,IND,1.0,WORD_MATCH,Shared name parts: SIVAKUMAR,SIVAKUMAR,SIVAKUMAR,KUMAR
AVADI,Senthilkumar. S,DMK,INDIA,R. Kumar,IND,1.0,WORD_MATCH,Shared name parts: SENTHILKUMAR,SENTHILKUMAR,SENTHILKUMAR,KUMAR
BHAVANI,Chandrasekar. K.A,DMK,INDIA,Sekar. K,BAHUJAN SAMAJ PARTY,1.0,WORD_MATCH,Shared name parts: CHANDRASEKAR,CHANDRASEKAR,CHANDRASEKAR,SEKAR
BHUVANAGIRI,Arunmozhithevan . A,ADMK,NDA,Arunmozhi . V,IND,1.0,WORD_MATCH,Shared name parts: ARUNMOZHITHEVAN,ARUNMOZHITHEVAN,ARUNMOZHITHEVAN,ARUNMOZHI
CHENGAM,K Bharathidhasan,TVK,TVK,A.Bharathi,IND,1.0,WORD_MATCH,Shared name parts: BHARATHIDHASAN,BHARATHIDHASAN,BHARATHIDHASAN,BHARATHI
CHEPAUK-THIRUVALLIKENI,Selvam. D,TVK,TVK,Selvam ( Alias ) Harinarayanan,IND,1.0,WORD_MATCH,Shared name parts: SELVAM,SELVAM,SELVAM,SELVAM ALIAS HARINARAYANAN
CHEPAUK-THIRUVALLIKENI,Selvam. D,TVK,TVK,Selvam ( Alias ) Venkatesh,IND,1.0,WORD_MATCH,Shared name parts: SELVAM,SELVAM,SELVAM,SELVAM ALIAS VENKATESH
CHEYYUR,Rajasekar. E,ADMK,NDA,Raja. K,IND,1.0,WORD_MATCH,Shared name parts: RAJASEKAR,RAJASEKAR,RAJASEKAR,RAJA
CHEYYUR,Rajasekar. E,ADMK,NDA,Swathilakshmi Sekar,NTK,1.0,WORD_MATCH,Shared parts: RAJASEKAR,RAJASEKAR,RAJASEKAR,SWATHILAKSHMI SEKAR
COIMBATORE NORTH,V. Sampathkumar,TVK,TVK,R. Sathish Kumar,IND,1.0,WORD_MATCH,Shared name parts: SAMPATHKUMAR,SAMPATHKUMAR,SAMPATHKUMAR,SATHISH KUMAR
COONOOR,C. Thangaraju,TVK,TVK,M. Raju,DMK,1.0,WORD_MATCH,Shared parts: THANGARAJU,THANGARAJU,THANGARAJU,RAJU
DINDIGUL,Senthilkumar. I.P,DMK,INDIA,Umar Ali. R,IND,1.0,WORD_MATCH,Shared name parts: SENTHILKUMAR,SENTHILKUMAR,SENTHILKUMAR,UMAR ALI
GOBICHETTIPALAYAM,Seethalakshmi.M.K,NTK,NTK,Seetha.R,IND,1.0,WORD_MATCH,Shared name parts: SEETHALAKSHMI,SEETHALAKSHMI,SEETHALAKSHMI,SEETHA
HARBOUR,P K Sekarbabu,DMK,INDIA,Babu Singh,IND,1.0,WORD_MATCH,Shared name parts: SEKARBABU,SEKARBABU,SEKARBABU,BABU SINGH
HARUR,Sampathkumar. V,ADMK,NDA,Sampath. C,IND,1.0,WORD_MATCH,Shared name parts: SAMPATHKUMAR,SAMPATHKUMAR,SAMPATHKUMAR,SAMPATH
HARUR,Sampathkumar. V,ADMK,NDA,Sampath. K,IND,1.0,WORD_MATCH,Shared name parts: SAMPATHKUMAR,SAMPATHKUMAR,SAMPATHKUMAR,SAMPATH
JAYANKONDAM,Kannan Ka.So.Ka.,DMK,INDIA,Kannan K.,IND,1.0,WORD_MATCH,Shared name parts: KANNAN,KANNAN,KANNAN KASOKA,KANNAN
JOLARPET,Kavithadhandapani,DMK,INDIA,Kavitha C,IND,1.0,WORD_MATCH,Shared name parts: KAVITHADHANDAPANI,KAVITHADHANDAPANI,KAVITHADHANDAPANI,KAVITHA
JOLARPET,Kavithadhandapani,DMK,INDIA,Kavitha T,IND,1.0,WORD_MATCH,Shared name parts: KAVITHADHANDAPANI,KAVITHADHANDAPANI,KAVITHADHANDAPANI,KAVITHA
KANGAYAM,Nsn Nataraj,ADMK,NDA,T.Nataraj,IND,1.0,WORD_MATCH,Shared name parts: NATARAJ,NATARAJ,NSN NATARAJ,NATARAJ
KARAIKUDI,Dr.Prabhu. Tk,TVK,TVK,Prabu. G,IND,1.0,WORD_MATCH,Shared name parts: PRABHU,PRABHU,PRABHU TK,PRABU
KAVUNDAMPALAYAM,Arunkumar Prg,ADMK,NDA,Thozhar.N.Arunkumar,TAMIZHAGA VAAZHVURIMAI KATCHI,1.0,WORD_MATCH,Shared name parts: ARUNKUMAR,ARUNKUMAR,ARUNKUMAR PRG,THOZHARARUNKUMAR
KILPENNATHUR,Raja.D,TVK,TVK,Rajasekar.I,IND,1.0,WORD_MATCH,Shared name parts: RAJA,RAJA,RAJA,RAJASEKAR
KILPENNATHUR,Raja.D,TVK,TVK,Rajasekar.P,TAMIZHAGA VAAZHVURIMAI KATCHI,1.0,WORD_MATCH,Shared name parts: RAJA,RAJA,RAJA,RAJASEKAR
KOLATHUR,V. S. Babu,TVK,TVK,V. Naresh Babu,IND,1.0,WORD_MATCH,Shared name parts: BABU,BABU,BABU,NARESH BABU
KOVILPATTI,Pandi.P,NTK,NTK,Pandimuneeswari.K,IND,1.0,WORD_MATCH,Shared name parts: PANDI,PANDI,PANDI,PANDIMUNEESWARI
KRISHNARAYAPURAM,Raja. C.K,DMK,INDIA,Rajaguru.M,SAMANIYA MAKKAL NALA KATCHI,1.0,WORD_MATCH,Shared name parts: RAJA,RAJA,RAJA,RAJAGURU
LALGUDI,Ku Pa Krishnan,TVK,TVK,M. Krishnan,IND,1.0,WORD_MATCH,Shared name parts: KRISHNAN,KRISHNAN,KU PA KRISHNAN,KRISHNAN
MADURAI WEST,Vigneshkumar S,NTK,NTK,Manoj Kumar R,IND,1.0,WORD_MATCH,Shared name parts: VIGNESHKUMAR,VIGNESHKUMAR,VIGNESHKUMAR,MANOJ KUMAR
MADURAVOYAL,P. Benjamin,ADMK,NDA,S. Benjamin Moses,IND,1.0,WORD_MATCH,Shared name parts: BENJAMIN,BENJAMIN,BENJAMIN,BENJAMIN MOSES
MANAPPARAI,Dr. Pl. Vijayakumar,ADMK,NDA,A. Senthil Kumar,IND,1.0,WORD_MATCH,Shared name parts: VIJAYAKUMAR,VIJAYAKUMAR,PL VIJAYAKUMAR,SENTHIL KUMAR
MANAPPARAI,Dr. Pl. Vijayakumar,ADMK,NDA,M. Vijaya Kumar,IND,1.0,WORD_MATCH,Shared name parts: VIJAYAKUMAR,VIJAYAKUMAR,PL VIJAYAKUMAR,VIJAYA KUMAR
MANNARGUDI,Bharathiselvan.R,NTK,NTK,Bharathi.B,PUTHIYA TAMILAGAM,1.0,WORD_MATCH,Shared name parts: BHARATHISELVAN,BHARATHISELVAN,BHARATHISELVAN,BHARATHI
MUSIRI,N.Yoganathan,ADMK,NDA,P.Loganathan M.Sc.M.Phil.,IND,1.0,WORD_MATCH,Shared name parts: YOGANATHAN,YOGANATHAN,YOGANATHAN,LOGANATHAN SCPHIL
MYLAPORE,Velu. Dha,DMK,INDIA,Velu. K,IND,1.0,WORD_MATCH,Shared name parts: VELU,VELU,VELU DHA,VELU
NAGERCOIL,Muthukumar M,NTK,NTK,Ajith Kumar A,IND,1.0,WORD_MATCH,Shared name parts: MUTHUKUMAR,MUTHUKUMAR,MUTHUKUMAR,AJITH KUMAR
NEYVELI,Rajendran.R,ADMK,NDA,Saba.Rajendran,DMK,1.0,WORD_MATCH,Shared parts: RAJENDRAN,RAJENDRAN,RAJENDRAN,SABARAJENDRAN
ORATHANAD,M. Sekar,ADMK,NDA,C. Gunasekaran,THAMIZH DESIYA MUNNETRA KAZHAGAM,1.0,WORD_MATCH,Shared name parts: SEKAR,SEKAR,SEKAR,GUNASEKARAN
PAPANASAM,Anis Fathima,NTK,NTK,A. Anis Fathima Abdul Rahim,IND,1.0,WORD_MATCH,"Shared name parts: ANIS, FATHIMA","ANIS, FATHIMA",ANIS FATHIMA,ANIS FATHIMA ABDUL RAHIM
PARAMAKUDI,Gopirajan. G,TVK,TVK,Raja. M,IND,1.0,WORD_MATCH,Shared name parts: GOPIRAJAN,GOPIRAJAN,GOPIRAJAN,RAJA
PENNAGARAM,G. K. M. Tamilkumaran,INC,INDIA,Ajith Kumar. S.,BAHUJAN SAMAJ PARTY,1.0,WORD_MATCH,Shared name parts: TAMILKUMARAN,TAMILKUMARAN,TAMILKUMARAN,AJITH KUMAR
PONNERI,Rajathi.M,NTK,NTK,Raja.S,VANCHIT BAHUJAN AAGHADI,1.0,WORD_MATCH,Shared name parts: RAJATHI,RAJATHI,RAJATHI,RAJA
PUDUKKOTTAI,V. Muthuraja,DMK,INDIA,A. Subaresh Raja,IND,1.0,WORD_MATCH,Shared name parts: MUTHURAJA,MUTHURAJA,MUTHURAJA,SUBARESH RAJA
SANKARI,Senthilkumar. K,TVK,TVK,Ranjith Kumar. V,IND,1.0,WORD_MATCH,Shared name parts: SENTHILKUMAR,SENTHILKUMAR,SENTHILKUMAR,RANJITH KUMAR
SATTUR,Ajith. M,TVK,TVK,Ajithkumar. S,IND,1.0,WORD_MATCH,Shared name parts: AJITH,AJITH,AJITH,AJITHKUMAR
SRIVILLIPUTHUR,Chandraprabha.M,ADMK,NDA,Chandra.M,ALL INDIA PURATCHI THALAIVAR MAKKAL MUNNETTRA KAZHAGAM,1.0,WORD_MATCH,Shared name parts: CHANDRAPRABHA,CHANDRAPRABHA,CHANDRAPRABHA,CHANDRA
THIRUVAIYARU,S. Vijayakumar,DMK,INDIA,Vijaya Babu,TAMIZHAGA VAAZHVURIMAI KATCHI,1.0,WORD_MATCH,Shared name parts: VIJAYAKUMAR,VIJAYAKUMAR,VIJAYAKUMAR,VIJAYA BABU
THIRUVALLUR,Be  Vee Ramanah,ADMK,NDA,R. Ramanan,IND,1.0,WORD_MATCH,Shared name parts: RAMANAH,RAMANAH,BE VEE RAMANAH,RAMANAN
THIRUVALLUR,Dr. T. Arunkumar,TVK,TVK,B. Rajesh Kumar,BAHUJAN SAMAJ PARTY,1.0,WORD_MATCH,Shared name parts: ARUNKUMAR,ARUNKUMAR,ARUNKUMAR,RAJESH KUMAR
THIRUVALLUR,K. Senthilkumar,NTK,NTK,B. Rajesh Kumar,BAHUJAN SAMAJ PARTY,1.0,WORD_MATCH,Shared name parts: SENTHILKUMAR,SENTHILKUMAR,SENTHILKUMAR,RAJESH KUMAR
THONDAMUTHUR,N.R.Karthikeyan,DMK,INDIA,Karthikeyan.R-Pooluvapatti,IND,1.0,WORD_MATCH,Shared name parts: KARTHIKEYAN,KARTHIKEYAN,KARTHIKEYAN,KARTHIKEYANPOOLUVAPATTI
THONDAMUTHUR,N.R.Karthikeyan,DMK,INDIA,Karthikeyan.R-Thondamuthur,IND,1.0,WORD_MATCH,Shared name parts: KARTHIKEYAN,KARTHIKEYAN,KARTHIKEYAN,KARTHIKEYANTHONDAMUTHUR
THOOTHUKKUDI,Chellapandian S.T.,ADMK,NDA,Maruthu Pandian P.,IND,1.0,WORD_MATCH,Shared name parts: CHELLAPANDIAN,CHELLAPANDIAN,CHELLAPANDIAN,MARUTHU PANDIAN
TIRUCHIRAPALLI (EAST),G. Rajasekaran,ADMK,NDA,Royal Raja,TAMIZHAGA VAAZHVURIMAI KATCHI,1.0,WORD_MATCH,Shared name parts: RAJASEKARAN,RAJASEKARAN,RAJASEKARAN,ROYAL RAJA
TIRUNELVELI,Murughan.R.S.,TVK,TVK,Thalabathi Murugan. M.,IND,1.0,WORD_MATCH,Shared name parts: MURUGHAN,MURUGHAN,MURUGHAN,THALABATHI MURUGAN
TIRUNELVELI,Subramanian.S,DMK,INDIA,Mugesh Subramanian,IND,1.0,WORD_MATCH,Shared name parts: SUBRAMANIAN,SUBRAMANIAN,SUBRAMANIAN,MUGESH SUBRAMANIAN
TIRUPPATTUR,Dr.Thirupathi. N,TVK,TVK,Thirupathi. C,IND,1.0,WORD_MATCH,Shared name parts: THIRUPATHI,THIRUPATHI,THIRUPATHI,PATHI
TIRUPPATTUR,Dr.Thirupathi. N,TVK,TVK,Thirupathi. N,IND,1.0,WORD_MATCH,Shared name parts: THIRUPATHI,THIRUPATHI,THIRUPATHI,PATHI
TIRUPPATTUR,Dr.Thirupathi. N,TVK,TVK,Thirupathi. S,IND,1.0,WORD_MATCH,Shared name parts: THIRUPATHI,THIRUPATHI,THIRUPATHI,PATHI
TIRUPPUR (NORTH),M.S.M.Anandan,ADMK,NDA,K.Anand,IND,1.0,WORD_MATCH,Shared name parts: ANANDAN,ANANDAN,ANANDAN,ANAND
TIRUPPUR (SOUTH),Dinesh. P.N,NTK,NTK,Dineshkumar,IND,1.0,WORD_MATCH,Shared name parts: DINESH,DINESH,DINESH,DINESHKUMAR
TIRUPPUR (SOUTH),Dinesh. P.N,NTK,NTK,Dineshkumar. V,IND,1.0,WORD_MATCH,Shared name parts: DINESH,DINESH,DINESH,DINESHKUMAR
TIRUPPUR (SOUTH),Dinesh. P.N,NTK,NTK,Dineshkumar. N,DMK,1.0,WORD_MATCH,Shared parts: DINESH,DINESH,DINESH,DINESHKUMAR
TIRUVADANAI,Rm. Karumanickam,INC,INDIA,A Mani,IND,1.0,WORD_MATCH,Shared name parts: KARUMANICKAM,KARUMANICKAM,RM KARUMANICKAM,MANI
TIRUVANNAMALAI,Elumalai. C,BJP,NDA,Elumalai. A S/O Arumugam,IND,1.0,WORD_MATCH,Shared name parts: ELUMALAI,ELUMALAI,ELUMALAI,ELUMALAI ARUMUGAM
TIRUVANNAMALAI,Elumalai. C,BJP,NDA,Elumalai. C  S/O Chinnakuzhanthai,IND,1.0,WORD_MATCH,Shared name parts: ELUMALAI,ELUMALAI,ELUMALAI,ELUMALAI CHINNAKUZHANTHAI
TIRUVANNAMALAI,Elumalai. C,BJP,NDA,Elumalai. C S/O Chinnarasu,IND,1.0,WORD_MATCH,Shared name parts: ELUMALAI,ELUMALAI,ELUMALAI,ELUMALAI CHINNARASU
UDUMALPET,Jayakumar M.,DMK,INDIA,Umar Ali D.,IND,1.0,WORD_MATCH,Shared name parts: JAYAKUMAR,JAYAKUMAR,JAYAKUMAR,UMAR ALI
UDUMALPET,Jayakumar M.,DMK,INDIA,Ram Kumar M.,NTK,1.0,WORD_MATCH,Shared parts: JAYAKUMAR,JAYAKUMAR,JAYAKUMAR,RAM KUMAR
UDUMALPET,Ram Kumar M.,NTK,NTK,Umar Ali D.,IND,1.0,WORD_MATCH,Shared name parts: KUMAR,KUMAR,RAM KUMAR,UMAR ALI
VASUDEVANALLUR,E. Raja,DMK,INDIA,K. Nagarajan,IND,1.0,WORD_MATCH,Shared name parts: RAJA,RAJA,RAJA,NAGARAJAN
VELACHERY,Kumar. R,TVK,TVK,Rokesh Kumar. V,TAMIZHAGA VAAZHVURIMAI KATCHI,1.0,WORD_MATCH,Shared name parts: KUMAR,KUMAR,KUMAR,ROKESH KUMAR
VELLORE,M.Vinothkumar,DMK,INDIA,S.Madhan Kumar,IND,1.0,WORD_MATCH,Shared name parts: VINOTHKUMAR,VINOTHKUMAR,VINOTHKUMAR,MADHAN KUMAR
VELLORE,M.Vinothkumar,DMK,INDIA,U.Vijaya Kumar,IND,1.0,WORD_MATCH,Shared name parts: VINOTHKUMAR,VINOTHKUMAR,VINOTHKUMAR,VIJAYA KUMAR
VILAVANCODE,Praveen T.T,INC,INDIA,Praveen Kumar,IND,1.0,WORD_MATCH,Shared name parts: PRAVEEN,PRAVEEN,PRAVEEN,PRAVEEN KUMAR
VILLIVAKKAM,Vijayakumar  S.R,ADMK,NDA,Ashok Kumar C.A,IND,1.0,WORD_MATCH,Shared name parts: VIJAYAKUMAR,VIJAYAKUMAR,VIJAYAKUMAR,ASHOK KUMAR
VILLIVAKKAM,Vijayakumar  S.R,ADMK,NDA,Jaya Zeba C,IND,1.0,WORD_MATCH,Shared name parts: VIJAYAKUMAR,VIJAYAKUMAR,VIJAYAKUMAR,JAYA ZEBA
VILLUPURAM,Mohanraj N,TVK,TVK,Mohan C,IND,1.0,WORD_MATCH,Shared name parts: MOHANRAJ,MOHANRAJ,MOHANRAJ,MOHAN
VILLUPURAM,Vijayasureshbabu,ADMK,NDA,Vijaya D,IND,1.0,WORD_MATCH,Shared name parts: VIJAYASURESHBABU,VIJAYASURESHBABU,VIJAYASURESHBABU,VIJAYA
VILLUPURAM,Vijayasureshbabu,ADMK,NDA,Vijaya K,IND,1.0,WORD_MATCH,Shared name parts: VIJAYASURESHBABU,VIJAYASURESHBABU,VIJAYASURESHBABU,VIJAYA
VILLUPURAM,Vijayasureshbabu,ADMK,NDA,Vijaya M,IND,1.0,WORD_MATCH,Shared name parts: VIJAYASURESHBABU,VIJAYASURESHBABU,VIJAYASURESHBABU,VIJAYA
VIRALIMALAI,Murugesan. P,TVK,TVK,Balavel Murugesan. T,IND,1.0,WORD_MATCH,Shared name parts: MURUGESAN,MURUGESAN,MURUGESAN,BALAVEL MURUGESAN
MAYILADUTHURAI,Jamal Mohamed Younoos. Y.N,INC,INDIA,Jamal Mohamed,IND,0.667,WORD_MATCH,"Shared name parts: JAMAL, MOHAMED","JAMAL, MOHAMED",JAMAL MOHAMED YOUNOOS,JAMAL MOHAMED
ARANI,Mahalakshmi Govarthanan,DMK,INDIA,Mahalakshmi. G,IND,0.5,WORD_MATCH,Shared name parts: MAHALAKSHMI,MAHALAKSHMI,MAHALAKSHMI GOVARTHANAN,MAHALAKSHMI
ARCOT,G.Vijay Mohan,TVK,TVK,A.Vijay,IND,0.5,WORD_MATCH,Shared name parts: VIJAY,VIJAY,VIJAY MOHAN,VIJAY
ARUPPUKOTTAI,Karthik Kumar. K,TVK,TVK,Karthik. M,IND,0.5,WORD_MATCH,Shared name parts: KARTHIK,KARTHIK,KARTHIK KUMAR,KARTHIK
ARUPPUKOTTAI,Karthik Kumar. K,TVK,TVK,Palanikumar. M,IND,0.5,WORD_MATCH,Shared name parts: KUMAR,KUMAR,KARTHIK KUMAR,PALANIKUMAR
ARUPPUKOTTAI,Karthik Kumar. K,TVK,TVK,Senthilkumar. S,IND,0.5,WORD_MATCH,Shared name parts: KUMAR,KUMAR,KARTHIK KUMAR,SENTHILKUMAR
ARUPPUKOTTAI,Karthik Kumar. K,TVK,TVK,Sureshkumar. K,IND,0.5,WORD_MATCH,Shared name parts: KUMAR,KUMAR,KARTHIK KUMAR,SURESHKUMAR
AVADI,R.Ramesh Kumar,TVK,TVK,G.D. Arunkumar,IND,0.5,WORD_MATCH,Shared name parts: KUMAR,KUMAR,RAMESH KUMAR,ARUNKUMAR
AVADI,R.Ramesh Kumar,TVK,TVK,P.Jayakumar,SAMANIYA MAKKAL NALA KATCHI,0.5,WORD_MATCH,Shared name parts: KUMAR,KUMAR,RAMESH KUMAR,JAYAKUMAR
AVADI,R.Ramesh Kumar,TVK,TVK,R. Kumar,IND,0.5,WORD_MATCH,Shared name parts: KUMAR,KUMAR,RAMESH KUMAR,KUMAR
AVADI,R.Ramesh Kumar,TVK,TVK,S. Senthilkumar,IND,0.5,WORD_MATCH,Shared name parts: KUMAR,KUMAR,RAMESH KUMAR,SENTHILKUMAR
AVADI,R.Ramesh Kumar,TVK,TVK,Senthilkumar. S,DMK,0.5,WORD_MATCH,Shared parts: KUMAR,KUMAR,RAMESH KUMAR,SENTHILKUMAR
BHUVANAGIRI,Saravanan. Durai . K,DMK,INDIA,Saravanan . J,IND,0.5,WORD_MATCH,Shared name parts: SARAVANAN,SARAVANAN,SARAVANAN DURAI,SARAVANAN
CHEYYAR,Dusi K Mohan,TVK,TVK,Mohan. R,IND,0.5,WORD_MATCH,Shared name parts: MOHAN,MOHAN,DUSI MOHAN,MOHAN
CHEYYUR,Mohan Raja.M.G.K,TVK,TVK,Raja. K,IND,0.5,WORD_MATCH,Shared name parts: RAJA,RAJA,MOHAN RAJA,RAJA
CHEYYUR,Mohan Raja.M.G.K,TVK,TVK,Rajasekar. E,ADMK,0.5,WORD_MATCH,Shared parts: RAJA,RAJA,MOHAN RAJA,RAJASEKAR
COLACHEL,Anthony Muthu. S.M,CPI,INDIA,Antony Alankaram. K,IND,0.5,WORD_MATCH,Shared name parts: ANTHONY,ANTHONY,ANTHONY MUTHU,ANTONY ALANKARAM
DHARAPURAM,Gowri Chitra,TVK,TVK,Gowri.P,IND,0.5,WORD_MATCH,Shared name parts: GOWRI,GOWRI,GOWRI CHITRA,GOWRI
HARBOUR,Sinora P S Ashok,TVK,TVK,Ashok Kumar,IND,0.5,WORD_MATCH,Shared name parts: ASHOK,ASHOK,SINORA ASHOK,ASHOK KUMAR
HARBOUR,Sinora P S Ashok,TVK,TVK,Sivalingam Ashok,IND,0.5,WORD_MATCH,Shared name parts: ASHOK,ASHOK,SINORA ASHOK,SIVALINGAM ASHOK
KALASAPAKKAM,Agri Krishnamurthy. S S,ADMK,NDA,Krishnamurthy. M,IND,0.5,WORD_MATCH,Shared name parts: KRISHNAMURTHY,KRISHNAMURTHY,AGRI KRISHNAMURTHY,KRISHNAMURTHY
KALASAPAKKAM,Agri Krishnamurthy. S S,ADMK,NDA,Krishnamurthy. R,IND,0.5,WORD_MATCH,Shared name parts: KRISHNAMURTHY,KRISHNAMURTHY,AGRI KRISHNAMURTHY,KRISHNAMURTHY
KALASAPAKKAM,Agri Krishnamurthy. S S,ADMK,NDA,Krishnamurthy. S,IND,0.5,WORD_MATCH,Shared name parts: KRISHNAMURTHY,KRISHNAMURTHY,AGRI KRISHNAMURTHY,KRISHNAMURTHY
KALLAKURICHI,Arul Vignesh C,TVK,TVK,Vignesh G,IND,0.5,WORD_MATCH,Shared name parts: VIGNESH,VIGNESH,ARUL VIGNESH,VIGNESH
KANGAYAM,Mani Gounder,TVK,TVK,P.Mani,IND,0.5,WORD_MATCH,Shared name parts: MANI,MANI,MANI GOUNDER,MANI
KARUR,Aasee.M. Thiagarajan,DMK,INDIA,Soundara Rajan. R,IND,0.5,WORD_MATCH,Shared name parts: THIAGARAJAN,THIAGARAJAN,AASEE THIAGARAJAN,SOUNDARA RAJAN
KARUR,Aasee.M. Thiagarajan,DMK,INDIA,Thiyagarajan. M,IND,0.5,WORD_MATCH,Shared name parts: THIAGARAJAN,THIAGARAJAN,AASEE THIAGARAJAN,THIYAGARAJAN
KAVUNDAMPALAYAM,Kanimozhi Santhosh,TVK,TVK,Kanimozhi.K,IND,0.5,WORD_MATCH,Shared name parts: KANIMOZHI,KANIMOZHI,KANIMOZHI SANTHOSH,KANIMOZHI
KILVAITHINANKUPPAM,Thenral Kumar. E,TVK,TVK,Kumaresan. L,IND,0.5,WORD_MATCH,Shared name parts: KUMAR,KUMAR,THENRAL KUMAR,KUMARESAN
KULITHALAI,Selva.Nanmaaran,NTK,NTK,M.Tamilselvan,IND,0.5,WORD_MATCH,Shared name parts: SELVA,SELVA,SELVANANMAARAN,TAMILSELVAN
KULITHALAI,Selva.Nanmaaran,NTK,NTK,P.Selvakumar,IND,0.5,WORD_MATCH,Shared name parts: SELVA,SELVA,SELVANANMAARAN,SELVAKUMAR
KULITHALAI,Selva.Nanmaaran,NTK,NTK,T.Selvaraj,IND,0.5,WORD_MATCH,Shared name parts: SELVA,SELVA,SELVANANMAARAN,SELVARAJ
KUNNAM,Revathi Muthamilselvan,TVK,TVK,Muthamilselvan. D,IND,0.5,WORD_MATCH,Shared name parts: MUTHAMILSELVAN,MUTHAMILSELVAN,REVATHI MUTHAMILSELVAN,MUTHAMILSELVAN
MADAVARAM,Madhavaram V.Moorthy,ADMK,NDA,C.Moorthy,IND,0.5,WORD_MATCH,Shared name parts: MOORTHY,MOORTHY,MADHAVARAM MOORTHY,MOORTHY
MAILAM,Vijay Niranjan A,TVK,TVK,Vijayaganth K,IND,0.5,WORD_MATCH,Shared name parts: VIJAY,VIJAY,VIJAY NIRANJAN,VIJAYAGANTH
MELUR,P.Periyapullan (A) Selvam,ADMK,NDA,M.Panneerselvam,PUTHIYA TAMILAGAM,0.5,WORD_MATCH,Shared name parts: SELVAM,SELVAM,PERIYAPULLAN SELVAM,PANNEERSELVAM
METTUPALAYAM,Smt.Kavitha Kalyanasundaram,DMK,INDIA,S.Kavitha,IND,0.5,WORD_MATCH,Shared name parts: KAVITHA,KAVITHA,KAVITHA KALYANASUNDARAM,KAVITHA
NAGAPATTINAM,Thanka.Kathiravan,ADMK,NDA,T.Kathiravan,IND,0.5,WORD_MATCH,Shared name parts: KATHIRAVAN,KATHIRAVAN,THANKAKATHIRAVAN,KATHIRAVAN
NAMAKKAL,Sridevi Mohan P S,ADMK,NDA,Mohan M,IND,0.5,WORD_MATCH,Shared name parts: MOHAN,MOHAN,SRIDEVI MOHAN,MOHAN
NAMAKKAL,Sridevi Mohan P S,ADMK,NDA,Mohan P,IND,0.5,WORD_MATCH,Shared name parts: MOHAN,MOHAN,SRIDEVI MOHAN,MOHAN
NAMAKKAL,Sridevi Mohan P S,ADMK,NDA,Mohan S,IND,0.5,WORD_MATCH,Shared name parts: MOHAN,MOHAN,SRIDEVI MOHAN,MOHAN
NANNILAM,Mohamed Mubarak,DMK,INDIA,Mohumed Riyas. K,IND,0.5,WORD_MATCH,Shared name parts: MOHAMED,MOHAMED,MOHAMED MUBARAK,MOHUMED RIYAS
PADMANABHAPURAM,Krishna Kumar. S,TVK,TVK,Dr. Krishna Prasad. B,IND,0.5,WORD_MATCH,Shared name parts: KRISHNA,KRISHNA,KRISHNA KUMAR,KRISHNA PRASAD
PADMANABHAPURAM,Krishna Kumar. S,TVK,TVK,Rakesh Kumar. M,THAMIZHAKA PADAIPPALAR MAKKAL KATCHI,0.5,WORD_MATCH,Shared name parts: KUMAR,KUMAR,KRISHNA KUMAR,RAKESH KUMAR
PALANI,Dr. Praveen Kumar. M,TVK,TVK,Ashokkumar. G,IND,0.5,WORD_MATCH,Shared name parts: KUMAR,KUMAR,PRAVEEN KUMAR,ASHOKKUMAR
PALANI,Dr. Praveen Kumar. M,TVK,TVK,Jayakumar. T,IND,0.5,WORD_MATCH,Shared name parts: KUMAR,KUMAR,PRAVEEN KUMAR,JAYAKUMAR
PALAYAMCOTTAI,M.Abdul Wahab,DMK,INDIA,Abdul Koya,IND,0.5,WORD_MATCH,Shared name parts: ABDUL,ABDUL,ABDUL WAHAB,ABDUL KOYA
PARAMAKUDI,Advocate. Kathiravan. K.K,DMK,INDIA,Kathiravan. R,IND,0.5,WORD_MATCH,Shared name parts: KATHIRAVAN,KATHIRAVAN,OCATE KATHIRAVAN,KATHIRAVAN
PERAMBUR,C. Joseph Vijay,TVK,TVK,M. Joseph,IND,0.5,WORD_MATCH,Shared name parts: JOSEPH,JOSEPH,JOSEPH VIJAY,JOSEPH
PERAMBUR,C. Joseph Vijay,TVK,TVK,S. Joseph,IND,0.5,WORD_MATCH,Shared name parts: JOSEPH,JOSEPH,JOSEPH VIJAY,JOSEPH
PERAMBUR,C. Joseph Vijay,TVK,TVK,Vijay,ALL INDIA JANANAYAKA MAKKAL KAZHAGAM,0.5,WORD_MATCH,Shared name parts: VIJAY,VIJAY,JOSEPH VIJAY,VIJAY
PERAMBUR,C. Joseph Vijay,TVK,TVK,Vijay. G,IND,0.5,WORD_MATCH,Shared name parts: VIJAY,VIJAY,JOSEPH VIJAY,VIJAY
PERAMBUR,S. Vetri Thamizhan,NTK,NTK,Vetri Vel Selvam,BAHUJAN SAMAJ PARTY,0.5,WORD_MATCH,Shared name parts: VETRI,VETRI,VETRI THAMIZHAN,VETRI VEL SELVAM
POLLACHI,Pollachi V. Jayaraman,ADMK,NDA,M. Jayaram,IND,0.5,WORD_MATCH,Shared name parts: JAYARAMAN,JAYARAMAN,POLLACHI JAYARAMAN,JAYARAM
POLLACHI,Pollachi V. Jayaraman,ADMK,NDA,M. Jayaraman,IND,0.5,WORD_MATCH,Shared name parts: JAYARAMAN,JAYARAMAN,POLLACHI JAYARAMAN,JAYARAMAN
POOMPUHAR,Nivedha M Murugan,DMK,INDIA,Murugan. S,IND,0.5,WORD_MATCH,Shared name parts: MURUGAN,MURUGAN,NIVEDHA MURUGAN,MURUGAN
RAJAPALAYAM,Priscilla Pandian. J,BJP,NDA,Alagupandian. A,IND,0.5,WORD_MATCH,Shared name parts: PANDIAN,PANDIAN,PRISCILLA PANDIAN,ALAGUPANDIAN
RAJAPALAYAM,Priscilla Pandian. J,BJP,NDA,Thangapandian. S,DMK,0.5,WORD_MATCH,Shared parts: PANDIAN,PANDIAN,PRISCILLA PANDIAN,THANGAPANDIAN
RAMANATHAPURAM,Katharbatcha Muthuramalingam,DMK,INDIA,S.M. Muthu Kesavan,NTK,0.5,WORD_MATCH,Shared parts: MUTHURAMALINGAM,MUTHURAMALINGAM,KATHARBATCHA MUTHURAMALINGAM,MUTHU KESAVAN
RISHIVANDIAM,Ashok Kumar G,TVK,TVK,Senthikumar V N,IND,0.5,WORD_MATCH,Shared name parts: KUMAR,KUMAR,ASHOK KUMAR,SENTHIKUMAR
RISHIVANDIAM,Ashok Kumar G,TVK,TVK,Vijayakumar G,IND,0.5,WORD_MATCH,Shared name parts: KUMAR,KUMAR,ASHOK KUMAR,VIJAYAKUMAR
SALEM (WEST),Alagaapuram. R. Mohanraj,DMDK,NDA,Mohan Raj. R,IND,0.5,WORD_MATCH,Shared name parts: MOHANRAJ,MOHANRAJ,ALAGAAPURAM MOHANRAJ,MOHAN RAJ
SALEM (WEST),Suresh Kumar.R,NTK,NTK,Kumar.A.P,IND,0.5,WORD_MATCH,Shared name parts: KUMAR,KUMAR,SURESH KUMAR,KUMAR
SALEM (WEST),Suresh Kumar.R,NTK,NTK,Raj Kumar .G,TAMIZHAGA VAAZHVURIMAI KATCHI,0.5,WORD_MATCH,Shared name parts: KUMAR,KUMAR,SURESH KUMAR,RAJ KUMAR
SALEM (WEST),Suresh Kumar.R,NTK,NTK,Vijayakumar. S,IND,0.5,WORD_MATCH,Shared name parts: KUMAR,KUMAR,SURESH KUMAR,VIJAYAKUMAR
SHOLINGHUR,A.Ashok Kumar,NTK,NTK,S.Senthilkumar,VANCHIT BAHUJAN AAGHADI,0.5,WORD_MATCH,Shared name parts: KUMAR,KUMAR,ASHOK KUMAR,SENTHILKUMAR
SULUR,Thalapathy Murugesan,DMK,INDIA,Murugesan.N.,IND,0.5,WORD_MATCH,Shared name parts: MURUGESAN,MURUGESAN,THALAPATHY MURUGESAN,MURUGESAN
THALLI,Dr.Nagesh Kumar. C,BJP,NDA,Kumar. D.J,IND,0.5,WORD_MATCH,Shared name parts: KUMAR,KUMAR,NAGESH KUMAR,KUMAR
THEAYAGARAYA NAGAR,Raja Anbazhagan,DMK,INDIA,Easan Natarajan T,IND,0.5,WORD_MATCH,Shared name parts: RAJA,RAJA,RAJA ANBAZHAGAN,EASAN NATARAJAN
THIRUPARANKUNDRAM,Kiruthiga Thangapandi,DMK,INDIA,Thanapandian. T.,ALL INDIA PURATCHI THALAIVAR MAKKAL MUNNETTRA KAZHAGAM,0.5,WORD_MATCH,Shared name parts: THANGAPANDI,THANGAPANDI,KIRUTHIGA THANGAPANDI,THANAPANDIAN
THIRUVAIYARU,Durai. Chandrasekaran,DMK,INDIA,Durai. Senthilnathan,NTK,0.5,WORD_MATCH,Shared parts: DURAI,DURAI,DURAI CHANDRASEKARAN,DURAI SENTHILNATHAN
THIRUVIDAMARUDUR,Elamathi Subramanian,ADMK,NDA,T.M.Puratchi Mani,BAHUJAN SAMAJ PARTY,0.5,WORD_MATCH,Shared name parts: SUBRAMANIAN,SUBRAMANIAN,ELAMATHI SUBRAMANIAN,PURATCHI MANI
THIRUVOTTIYUR,Senthil Kumar. N,TVK,TVK,Dilli Kumar. R,DEMOCRATIC NATIONAL ALLEGIANCE,0.5,WORD_MATCH,Shared name parts: KUMAR,KUMAR,SENTHIL KUMAR,DILLI KUMAR
THIRUVOTTIYUR,Senthil Kumar. N,TVK,TVK,Mahendra Kumar. D,BAHUJAN SAMAJ PARTY,0.5,WORD_MATCH,Shared name parts: KUMAR,KUMAR,SENTHIL KUMAR,MAHENDRA KUMAR
TIRUCHENDUR,Anitha R. Radhakrishnan,DMK,INDIA,K R M Radhakrishnan,BJP,0.5,WORD_MATCH,Shared parts: RADHAKRISHNAN,RADHAKRISHNAN,ANITHA RADHAKRISHNAN,RADHAKRISHNAN
TIRUCHIRAPALLI (EAST),C. Joseph Vijay,TVK,TVK,Vijay .K,ALL INDIA JANANAYAKA MAKKAL KAZHAGAM,0.5,WORD_MATCH,Shared name parts: VIJAY,VIJAY,JOSEPH VIJAY,VIJAY
TIRUKKOYILUR,Vijay R Baranibalaaji,TVK,TVK,Vijayamoorthi E,IND,0.5,WORD_MATCH,Shared name parts: VIJAY,VIJAY,VIJAY BARANIBALAAJI,VIJAYAMOORTHI
TIRUPPATTUR,Ramya Mohan,NTK,NTK,Mohan Raj. R,IND,0.5,WORD_MATCH,Shared name parts: MOHAN,MOHAN,RAMYA MOHAN,MOHAN RAJ
TIRUPPATTUR,Seenivasa Sethupathy. R,TVK,TVK,Sethu. P,IND,0.5,WORD_MATCH,Shared name parts: SETHUPATHY,SETHUPATHY,SEENIVASA SETHUPATHY,SETHU
TIRUVANNAMALAI,Arul Arumugam,TVK,TVK,Arul Anand. V,IND,0.5,WORD_MATCH,Shared name parts: ARUL,ARUL,ARUL ARUMUGAM,ARUL ANAND
TIRUVANNAMALAI,Arul Arumugam,TVK,TVK,Arul. K,IND,0.5,WORD_MATCH,Shared name parts: ARUL,ARUL,ARUL ARUMUGAM,ARUL
TIRUVANNAMALAI,Arul Arumugam,TVK,TVK,Elumalai. A S/O Arumugam,IND,0.5,WORD_MATCH,Shared name parts: ARUMUGAM,ARUMUGAM,ARUL ARUMUGAM,ELUMALAI ARUMUGAM
VANIAYAMBADI,Syed Bhurhanudeen,TVK,TVK,Syed Farooq Basha Ssb,IUML,0.5,WORD_MATCH,Shared parts: SYED,SYED,SYED BHURHANUDEEN,SYED FAROOQ BASHA SSB
VELLORE,M.M.Vinoth Kannan,TVK,TVK,M.Vinothkumar,DMK,0.5,WORD_MATCH,Shared parts: VINOTH,VINOTH,VINOTH KANNAN,VINOTHKUMAR
VILAVANCODE,Michael Kumar K,TVK,TVK,Mohan Kumar M,ALL INDIA JANANAYAKA MAKKAL KAZHAGAM,0.5,WORD_MATCH,Shared name parts: KUMAR,KUMAR,MICHAEL KUMAR,MOHAN KUMAR
VILAVANCODE,Michael Kumar K,TVK,TVK,Praveen Kumar,IND,0.5,WORD_MATCH,Shared name parts: KUMAR,KUMAR,MICHAEL KUMAR,PRAVEEN KUMAR
VILLIVAKKAM,Karthik Mohan,DMK,INDIA,Karthick P,IND,0.5,WORD_MATCH,Shared name parts: KARTHIK,KARTHIK,KARTHIK MOHAN,KARTHICK
VILLIVAKKAM,Karthik Mohan,DMK,INDIA,Karthick S,IND,0.5,WORD_MATCH,Shared name parts: KARTHIK,KARTHIK,KARTHIK MOHAN,KARTHICK
VIRUGAMPAKKAM,Virugai V.N.Ravi,ADMK,NDA,Ravikumar,IND,0.5,WORD_MATCH,Shared name parts: RAVI,RAVI,VIRUGAI RAVI,RAVIKUMAR
VRIDDHACHALAM,Premallatha Vijayakant,DMDK,NDA,Vijay.S,TVK,0.5,WORD_MATCH,Shared parts: VIJAYAKANT,VIJAYAKANT,PREMALLATHA VIJAYAKANT,VIJAY
ALANGULAM,Paul Manoj Pandian,DMK,INDIA,R Paulraj,NTK,0.333,WORD_MATCH,Shared parts: PAUL,PAUL,PAUL MANOJ PANDIAN,PAULRAJ
COIMBATORE NORTH,Durai. Senthamil Selvan B.E,DMK,INDIA,A.K. Senthamizh Selvan,IND,0.333,WORD_MATCH,Shared name parts: SELVAN,SELVAN,DURAI SENTHAMIL SELVAN,SENTHAMIZH SELVAN
PERUNDURAI,Thoppu Venkatachalam (Alias) N.D. Venkatachalam,DMK,INDIA,Venkatachalam. C,IND,0.333,WORD_MATCH,Shared name parts: VENKATACHALAM,VENKATACHALAM,THOPPU VENKATACHALAM ALIAS VENKATACHALAM,VENKATACHALAM
SALEM (SOUTH),Vijay Tamilan Parthiban. A,TVK,TVK,Parthiban. A,IND,0.333,WORD_MATCH,Shared name parts: PARTHIBAN,PARTHIBAN,VIJAY TAMILAN PARTHIBAN,PARTHIBAN
SALEM (SOUTH),Vijay Tamilan Parthiban. A,TVK,TVK,Parthiban. V,IND,0.333,WORD_MATCH,Shared name parts: PARTHIBAN,PARTHIBAN,VIJAY TAMILAN PARTHIBAN,PARTHIBAN
TENKASI,S.Selva Mohandas Pandian,ADMK,NDA,G. Poorana Selvan,IND,0.333,WORD_MATCH,Shared name parts: SELVA,SELVA,SELVA MOHANDAS PANDIAN,POORANA SELVAN
TENKASI,S.Selva Mohandas Pandian,ADMK,NDA,Isaki Pandian,BAHUJAN SAMAJ PARTY,0.333,WORD_MATCH,Shared name parts: PANDIAN,PANDIAN,SELVA MOHANDAS PANDIAN,ISAKI PANDIAN
TENKASI,S.Selva Mohandas Pandian,ADMK,NDA,R. Selvakumar,NAAM INDIAR PARTY,0.333,WORD_MATCH,Shared name parts: SELVA,SELVA,SELVA MOHANDAS PANDIAN,SELVAKUMAR
THIRUVERAMBUR,Vijayakumar (A) Navalpattu S. Viji,TVK,TVK,Kumar. K,IND,0.333,WORD_MATCH,Shared name parts: VIJAYAKUMAR,VIJAYAKUMAR,VIJAYAKUMAR NAVALPATTU VIJI,KUMAR
THIRUVERAMBUR,Vijayakumar (A) Navalpattu S. Viji,TVK,TVK,Kumar. P,IND,0.333,WORD_MATCH,Shared name parts: VIJAYAKUMAR,VIJAYAKUMAR,VIJAYAKUMAR NAVALPATTU VIJI,KUMAR
THIRUVERAMBUR,Vijayakumar (A) Navalpattu S. Viji,TVK,TVK,Vijayakumar. C,IND,0.333,WORD_MATCH,Shared name parts: VIJAYAKUMAR,VIJAYAKUMAR,VIJAYAKUMAR NAVALPATTU VIJI,VIJAYAKUMAR
THIRUVERAMBUR,Vijayakumar (A) Navalpattu S. Viji,TVK,TVK,Vijayakumar. N,IND,0.333,WORD_MATCH,Shared name parts: VIJAYAKUMAR,VIJAYAKUMAR,VIJAYAKUMAR NAVALPATTU VIJI,VIJAYAKUMAR
TIRUCHULI,Avarangadu Karthik Raja,NTK,NTK,Rajangam.C,IND,0.333,WORD_MATCH,Shared name parts: RAJA,RAJA,AVARANGADU KARTHIK RAJA,RAJANGAM
TIRUCHULI,Avarangadu Karthik Raja,NTK,NTK,Rajavarman.M.S.R,ADMK,0.333,WORD_MATCH,Shared parts: RAJA,RAJA,AVARANGADU KARTHIK RAJA,RAJAVARMAN
TIRUPPUR (NORTH),M.Ravi Alias M.Subramanian,CPI,INDIA,P.Ravi,IND,0.333,WORD_MATCH,Shared name parts: RAVI,RAVI,RAVI ALIAS SUBRAMANIAN,RAVI
VIKRAVANDI,Anniyur Siva @ Sivashanmugam A,DMK,INDIA,Shanmugam P,IND,0.333,WORD_MATCH,Shared name parts: SIVASHANMUGAM,SIVASHANMUGAM,ANNIYUR SIVA SIVASHANMUGAM,SHANMUGAM
VIKRAVANDI,Anniyur Siva @ Sivashanmugam A,DMK,INDIA,Shanmugam R,IND,0.333,WORD_MATCH,Shared name parts: SIVASHANMUGAM,SIVASHANMUGAM,ANNIYUR SIVA SIVASHANMUGAM,SHANMUGAM
VIKRAVANDI,Anniyur Siva @ Sivashanmugam A,DMK,INDIA,Sivakumar S,IND,0.333,WORD_MATCH,Shared name parts: SIVA,SIVA,ANNIYUR SIVA SIVASHANMUGAM,SIVAKUMAR
VIKRAVANDI,Anniyur Siva @ Sivashanmugam A,DMK,INDIA,Sivakumar C,PMK,0.333,WORD_MATCH,Shared parts: SIVA,SIVA,ANNIYUR SIVA SIVASHANMUGAM,SIVAKUMAR
PALAYAMCOTTAI,Sankara Narayanan Alias Saran,NTK,NTK,Karthick Narayanan S.,IND,0.25,WORD_MATCH,Shared name parts: NARAYANAN,NARAYANAN,SANKARA NARAYANAN ALIAS SARAN,KARTHICK NARAYANAN
PALAYAMCOTTAI,Sankara Narayanan Alias Saran,NTK,NTK,Nallakkannu Alias Karthic.K,IND,0.25,WORD_MATCH,Shared name parts: ALIAS,ALIAS,SANKARA NARAYANAN ALIAS SARAN,NALLAKKANNU ALIAS KARTHIC
